address	distance	customers	trucks	truck_capacity	algorithm	total_distance
1400 Washington Ave, Albany, NY 12222	10000	191	4	100	nn	485.92503006092926
1400 Washington Ave, Albany, NY 12222	10000	14	4	100	nn	101.71464054321959
1400 Washington Ave, Albany, NY 12222	10000	310	4	100	sa	1409.0167799378382
1400 Washington Ave, Albany, NY 12222	10000	7	4	100	sa	58.28029637333746
1400 Washington Ave, Albany, NY 12222	10000	140	4	100	nn	337.1282493884538
1400 Washington Ave, Albany, NY 12222	10000	151	4	100	aco	372.80863601764946
1400 Washington Ave, Albany, NY 12222	10000	88	4	100	sa	527.1568186347214
1400 Washington Ave, Albany, NY 12222	10000	22	4	100	aco	98.91147525095205
1400 Washington Ave, Albany, NY 12222	10000	363	4	100	ga	1047.1288092490279
1400 Washington Ave, Albany, NY 12222	10000	156	4	100	ga	632.2747769330754
1400 Washington Ave, Albany, NY 12222	10000	251	4	100	nn	515.8516193656336
1400 Washington Ave, Albany, NY 12222	10000	80	4	100	aco	243.35545411821064
1400 Washington Ave, Albany, NY 12222	10000	218	4	100	sa	986.9353890465168
1400 Washington Ave, Albany, NY 12222	10000	264	4	100	nn	559.2374338575147
1400 Washington Ave, Albany, NY 12222	10000	300	4	100	sa	1191.613038349053
1400 Washington Ave, Albany, NY 12222	10000	374	4	100	ga	1184.4468791727913
1400 Washington Ave, Albany, NY 12222	10000	70	4	100	ga	339.24095214972584
1400 Washington Ave, Albany, NY 12222	10000	157	4	100	ga	596.4986310191061
1400 Washington Ave, Albany, NY 12222	10000	29	4	100	ga	147.9694344701838
1400 Washington Ave, Albany, NY 12222	10000	323	4	100	sa	1163.8956226797893
1400 Washington Ave, Albany, NY 12222	10000	388	4	100	nn	701.4603983160953
1400 Washington Ave, Albany, NY 12222	10000	242	4	100	aco	443.97470110493714
1400 Washington Ave, Albany, NY 12222	10000	62	4	100	sa	309.5226887125178
1400 Washington Ave, Albany, NY 12222	10000	97	4	100	sa	485.51235835993
1400 Washington Ave, Albany, NY 12222	10000	223	4	100	nn	533.8998307488018
1400 Washington Ave, Albany, NY 12222	10000	307	4	100	ga	954.3395628162878
1400 Washington Ave, Albany, NY 12222	10000	223	4	100	sa	905.9468556361328
1400 Washington Ave, Albany, NY 12222	10000	154	4	100	nn	392.5284209244869
1400 Washington Ave, Albany, NY 12222	10000	151	4	100	aco	355.84817222553386
1400 Washington Ave, Albany, NY 12222	10000	81	4	100	ga	358.3008682391893
1400 Washington Ave, Albany, NY 12222	10000	168	4	100	sa	749.2994515091592
1400 Washington Ave, Albany, NY 12222	10000	74	4	100	aco	227.46872280822822
1400 Washington Ave, Albany, NY 12222	10000	23	4	100	aco	136.89024320272844
1400 Washington Ave, Albany, NY 12222	10000	21	4	100	aco	104.80756057216757
1400 Washington Ave, Albany, NY 12222	10000	264	4	100	nn	586.3594275572199
1400 Washington Ave, Albany, NY 12222	10000	280	4	100	ga	906.5263651897981
1400 Washington Ave, Albany, NY 12222	10000	13	4	100	rl	141.3809679946397
1400 Washington Ave, Albany, NY 12222	10000	202	4	100	nn	510.44726466963965
1400 Washington Ave, Albany, NY 12222	10000	211	4	100	ga	815.5126417535218
1400 Washington Ave, Albany, NY 12222	10000	393	4	100	sa	1390.2265839397749
1400 Washington Ave, Albany, NY 12222	10000	123	4	100	sa	599.6347548888314
1400 Washington Ave, Albany, NY 12222	10000	218	4	100	aco	414.0978406883237
1400 Washington Ave, Albany, NY 12222	10000	360	4	100	nn	721.9079747668218
1400 Washington Ave, Albany, NY 12222	10000	159	4	100	sa	694.9661857148155
1400 Washington Ave, Albany, NY 12222	10000	36	4	100	sa	180.37387156822038
1400 Washington Ave, Albany, NY 12222	10000	22	4	100	sa	144.0639268085727
1400 Washington Ave, Albany, NY 12222	10000	75	4	100	nn	247.67539047572225
1400 Washington Ave, Albany, NY 12222	10000	338	4	100	ga	978.4140351675486
1400 Washington Ave, Albany, NY 12222	10000	60	4	100	sa	349.52258493080416
1400 Washington Ave, Albany, NY 12222	10000	98	4	100	nn	291.064294960653
1400 Washington Ave, Albany, NY 12222	10000	279	4	100	sa	1061.35536896206
1400 Washington Ave, Albany, NY 12222	10000	252	4	100	nn	562.9017664129711
1400 Washington Ave, Albany, NY 12222	10000	325	4	100	ga	946.7165256695373
1400 Washington Ave, Albany, NY 12222	10000	35	4	100	nn	181.75967875062935
1400 Washington Ave, Albany, NY 12222	10000	58	4	100	nn	246.18397394920592
1400 Washington Ave, Albany, NY 12222	10000	100	4	100	ga	435.7743209387122
1400 Washington Ave, Albany, NY 12222	10000	198	4	100	sa	988.3838301273831
1400 Washington Ave, Albany, NY 12222	10000	31	4	100	sa	161.52958311382017
1400 Washington Ave, Albany, NY 12222	10000	58	4	100	sa	355.51128187084436
1400 Washington Ave, Albany, NY 12222	10000	180	4	100	ga	603.882732721124
1400 Washington Ave, Albany, NY 12222	10000	66	4	100	ga	332.7882424270632
1400 Washington Ave, Albany, NY 12222	10000	320	4	100	nn	615.1401758068748
1400 Washington Ave, Albany, NY 12222	10000	70	4	100	ga	316.8484601538055
1400 Washington Ave, Albany, NY 12222	10000	195	4	100	sa	857.2385254330319
1400 Washington Ave, Albany, NY 12222	10000	63	4	100	nn	210.2810168428682
1400 Washington Ave, Albany, NY 12222	10000	17	4	100	sa	110.8326515841379
1400 Washington Ave, Albany, NY 12222	10000	381	4	100	aco	573.6696207488784
1400 Washington Ave, Albany, NY 12222	10000	241	4	100	ga	857.7213622917824
1400 Washington Ave, Albany, NY 12222	10000	284	4	100	nn	570.8576837327153
1400 Washington Ave, Albany, NY 12222	10000	51	4	100	nn	211.4162246492121
1400 Washington Ave, Albany, NY 12222	10000	354	4	100	sa	1135.0656624219837
1400 Washington Ave, Albany, NY 12222	10000	127	4	100	nn	354.35841673943594
1400 Washington Ave, Albany, NY 12222	10000	245	4	100	ga	785.2411573247057
1400 Washington Ave, Albany, NY 12222	10000	11	4	100	ga	83.20792146841319
1400 Washington Ave, Albany, NY 12222	10000	82	4	100	nn	286.70994685385557
1400 Washington Ave, Albany, NY 12222	10000	4	4	100	nn	50.19490003937774
1400 Washington Ave, Albany, NY 12222	10000	268	4	100	sa	1119.3925659346146
1400 Washington Ave, Albany, NY 12222	10000	200	4	100	ga	742.2377292119302
1400 Washington Ave, Albany, NY 12222	10000	167	4	100	nn	380.1396631732892
1400 Washington Ave, Albany, NY 12222	10000	167	4	100	sa	740.9091481721372
1400 Washington Ave, Albany, NY 12222	10000	215	4	100	ga	644.159338487159
1400 Washington Ave, Albany, NY 12222	10000	255	4	100	nn	555.1932118903273
1400 Washington Ave, Albany, NY 12222	10000	270	4	100	sa	1028.3249556362346
1400 Washington Ave, Albany, NY 12222	10000	338	4	100	aco	563.8321400761115
1400 Washington Ave, Albany, NY 12222	10000	233	4	100	nn	563.6634565437018
1400 Washington Ave, Albany, NY 12222	10000	305	4	100	ga	878.6660683445407
1400 Washington Ave, Albany, NY 12222	10000	80	4	100	nn	293.242371978033
1400 Washington Ave, Albany, NY 12222	10000	68	4	100	ga	348.45104107294856
1400 Washington Ave, Albany, NY 12222	10000	299	4	100	sa	1291.476334536165
1400 Washington Ave, Albany, NY 12222	10000	88	4	100	ga	431.98537235219584
1400 Washington Ave, Albany, NY 12222	10000	255	4	100	nn	669.044976694854
1400 Washington Ave, Albany, NY 12222	10000	88	4	100	nn	269.63440862653994
1400 Washington Ave, Albany, NY 12222	10000	318	4	100	sa	1097.317242911852
1400 Washington Ave, Albany, NY 12222	10000	91	4	100	nn	259.39991785723527
1400 Washington Ave, Albany, NY 12222	10000	295	4	100	ga	893.6069737934778
1400 Washington Ave, Albany, NY 12222	10000	167	4	100	nn	408.61922940354015
1400 Washington Ave, Albany, NY 12222	10000	176	4	100	ga	741.4744997533155
1400 Washington Ave, Albany, NY 12222	10000	292	4	100	sa	1235.2725559635571
1400 Washington Ave, Albany, NY 12222	10000	141	4	100	ga	585.1608144179078
1400 Washington Ave, Albany, NY 12222	10000	345	4	100	aco	547.1670113691898
1400 Washington Ave, Albany, NY 12222	10000	39	4	100	aco	165.9996251337437
1400 Washington Ave, Albany, NY 12222	10000	108	4	100	ga	413.12008861056063
1400 Washington Ave, Albany, NY 12222	10000	300	4	100	nn	514.4663040264224
1400 Washington Ave, Albany, NY 12222	10000	299	4	100	sa	1054.9929519136222
1400 Washington Ave, Albany, NY 12222	10000	9	4	100	sa	58.54993326403924
1400 Washington Ave, Albany, NY 12222	10000	237	4	100	nn	503.77459640188124
1400 Washington Ave, Albany, NY 12222	10000	153	4	100	sa	667.7152912471331
1400 Washington Ave, Albany, NY 12222	10000	337	4	100	ga	870.393093180651
1400 Washington Ave, Albany, NY 12222	10000	154	4	100	nn	410.29976715870595
1400 Washington Ave, Albany, NY 12222	10000	239	4	100	sa	981.8539823487092
1400 Washington Ave, Albany, NY 12222	10000	183	4	100	nn	421.07985067127646
1400 Washington Ave, Albany, NY 12222	10000	315	4	100	ga	1003.4693558469568
1400 Washington Ave, Albany, NY 12222	10000	321	4	100	aco	526.7762982456427
1400 Washington Ave, Albany, NY 12222	10000	296	4	100	nn	540.7182822001223
1400 Washington Ave, Albany, NY 12222	10000	393	4	100	sa	1384.4330384054265
1400 Washington Ave, Albany, NY 12222	10000	7	4	100	sa	57.56584876184501
1400 Washington Ave, Albany, NY 12222	10000	252	4	100	ga	789.7752077571843
1400 Washington Ave, Albany, NY 12222	10000	203	4	100	nn	430.4957468536701
1400 Washington Ave, Albany, NY 12222	10000	125	4	100	ga	459.88031019425836
1400 Washington Ave, Albany, NY 12222	10000	134	4	100	ga	484.78542114970753
1400 Washington Ave, Albany, NY 12222	10000	190	4	100	nn	448.4365419846227
1400 Washington Ave, Albany, NY 12222	10000	369	4	100	sa	1224.0043312374394
1400 Washington Ave, Albany, NY 12222	10000	139	4	100	sa	566.7369341153748
1400 Washington Ave, Albany, NY 12222	10000	273	4	100	ga	965.4387315862423
1400 Washington Ave, Albany, NY 12222	10000	299	4	100	nn	555.5067402915794
1400 Washington Ave, Albany, NY 12222	10000	172	4	100	nn	439.31247404221494
1400 Washington Ave, Albany, NY 12222	10000	273	4	100	ga	839.4751376789324
1400 Washington Ave, Albany, NY 12222	10000	392	4	100	sa	1323.9314667502656
1400 Washington Ave, Albany, NY 12222	10000	151	4	100	nn	401.97893633563353
1400 Washington Ave, Albany, NY 12222	10000	112	4	100	ga	471.1854399906133
1400 Washington Ave, Albany, NY 12222	10000	386	4	100	aco	573.5031010464093
1400 Washington Ave, Albany, NY 12222	10000	140	4	100	ga	501.96335005816735
1400 Washington Ave, Albany, NY 12222	10000	226	4	100	nn	488.2569073938141
1400 Washington Ave, Albany, NY 12222	10000	312	4	100	sa	1246.7462536686073
1400 Washington Ave, Albany, NY 12222	10000	77	4	100	nn	215.34066043893208
1400 Washington Ave, Albany, NY 12222	10000	65	4	100	sa	381.5008019258366
1400 Washington Ave, Albany, NY 12222	10000	140	4	100	ga	553.180087659018
1400 Washington Ave, Albany, NY 12222	10000	117	4	100	sa	598.4617918211716
1400 Washington Ave, Albany, NY 12222	10000	255	4	100	nn	557.9803009553149
1400 Washington Ave, Albany, NY 12222	10000	156	4	100	sa	669.4752674553656
1400 Washington Ave, Albany, NY 12222	10000	327	4	100	ga	1060.6338019680788
1400 Washington Ave, Albany, NY 12222	10000	159	4	100	nn	411.7019171251699
1400 Washington Ave, Albany, NY 12222	10000	76	4	100	ga	315.66907163520204
1400 Washington Ave, Albany, NY 12222	10000	348	4	100	sa	1310.8720105764203
1400 Washington Ave, Albany, NY 12222	10000	339	4	100	nn	626.7627902833048
1400 Washington Ave, Albany, NY 12222	10000	295	4	100	ga	895.1897316936364
1400 Washington Ave, Albany, NY 12222	10000	19	4	100	nn	90.64625020340584
1400 Washington Ave, Albany, NY 12222	10000	201	4	100	sa	951.1492715066622
1400 Washington Ave, Albany, NY 12222	10000	396	4	100	aco	599.3691338189752
1400 Washington Ave, Albany, NY 12222	10000	155	4	100	nn	381.54634978299333
1400 Washington Ave, Albany, NY 12222	10000	285	4	100	sa	1142.422904229676
1400 Washington Ave, Albany, NY 12222	10000	88	4	100	aco	238.61338628826167
1400 Washington Ave, Albany, NY 12222	10000	344	4	100	ga	1007.9025303575557
1400 Washington Ave, Albany, NY 12222	10000	265	4	100	nn	523.8053065930992
1400 Washington Ave, Albany, NY 12222	10000	188	4	100	sa	806.1162306256982
1400 Washington Ave, Albany, NY 12222	10000	70	4	100	sa	313.6230359778647
1400 Washington Ave, Albany, NY 12222	10000	235	4	100	nn	482.1977183743065
1400 Washington Ave, Albany, NY 12222	10000	29	4	100	nn	142.28538992093883
1400 Washington Ave, Albany, NY 12222	10000	355	4	100	ga	1054.483108809551
1400 Washington Ave, Albany, NY 12222	10000	63	4	100	nn	212.81845286916456
1400 Washington Ave, Albany, NY 12222	10000	17	4	100	nn	106.07159571963473
1400 Washington Ave, Albany, NY 12222	10000	325	4	100	sa	1102.3950687472084
1400 Washington Ave, Albany, NY 12222	10000	340	4	100	ga	954.8095247267878
1400 Washington Ave, Albany, NY 12222	10000	377	4	100	nn	698.5187765879593
1400 Washington Ave, Albany, NY 12222	10000	320	4	100	aco	556.6991218769341
1400 Washington Ave, Albany, NY 12222	10000	393	4	100	sa	1429.1876015937314
1400 Washington Ave, Albany, NY 12222	10000	240	4	100	nn	535.9839317638626
1400 Washington Ave, Albany, NY 12222	10000	370	4	100	ga	996.0248759560512
1400 Washington Ave, Albany, NY 12222	10000	165	4	100	nn	417.175272555645
1400 Washington Ave, Albany, NY 12222	10000	274	4	100	sa	1072.7707892371445
1400 Washington Ave, Albany, NY 12222	10000	178	4	100	nn	449.92649870810664
1400 Washington Ave, Albany, NY 12222	10000	83	4	100	nn	294.5225792412608
1400 Washington Ave, Albany, NY 12222	10000	399	4	100	ga	1243.4086076336685
1400 Washington Ave, Albany, NY 12222	10000	382	4	100	sa	1383.1308487676963
1400 Washington Ave, Albany, NY 12222	10000	255	4	100	nn	555.5753366952295
1400 Washington Ave, Albany, NY 12222	10000	174	4	100	ga	611.5708201130284
1400 Washington Ave, Albany, NY 12222	10000	299	4	100	sa	1226.993856735541
1400 Washington Ave, Albany, NY 12222	10000	399	4	100	aco	591.8278170009014
1400 Washington Ave, Albany, NY 12222	10000	128	4	100	sa	554.4717432502953
1400 Washington Ave, Albany, NY 12222	10000	309	4	100	ga	914.6576576480525
1400 Washington Ave, Albany, NY 12222	10000	393	4	100	nn	720.6424752405288
1400 Washington Ave, Albany, NY 12222	10000	345	4	100	nn	629.2766727548893
1400 Washington Ave, Albany, NY 12222	10000	344	4	100	ga	1115.5429672054627
1400 Washington Ave, Albany, NY 12222	10000	399	4	100	sa	1593.7951832032418
1400 Washington Ave, Albany, NY 12222	10000	99	4	100	ga	437.6934798070799
1400 Washington Ave, Albany, NY 12222	10000	115	4	100	sa	655.9881353311303
1400 Washington Ave, Albany, NY 12222	10000	108	4	100	ga	504.943930108415
1400 Washington Ave, Albany, NY 12222	10000	296	4	100	nn	617.1972284200614
1400 Washington Ave, Albany, NY 12222	10000	277	4	100	sa	1060.130904264593
1400 Washington Ave, Albany, NY 12222	10000	157	4	100	nn	397.56902468153515
1400 Washington Ave, Albany, NY 12222	10000	141	4	100	nn	379.09635599957323
1400 Washington Ave, Albany, NY 12222	10000	190	4	100	sa	790.0124193877211
1400 Washington Ave, Albany, NY 12222	10000	365	4	100	aco	573.5441200416958
1400 Washington Ave, Albany, NY 12222	10000	394	4	100	ga	1032.9036829468475
1400 Washington Ave, Albany, NY 12222	10000	181	4	100	sa	855.3855470913976
1400 Washington Ave, Albany, NY 12222	10000	50	4	100	sa	287.453184263226
1400 Washington Ave, Albany, NY 12222	10000	353	4	100	nn	690.0645163404611
1400 Washington Ave, Albany, NY 12222	10000	353	4	100	ga	1110.7886367214894
1400 Washington Ave, Albany, NY 12222	10000	234	4	100	sa	1006.8974442776243
1400 Washington Ave, Albany, NY 12222	10000	159	4	100	nn	400.466222400462
1400 Washington Ave, Albany, NY 12222	10000	75	4	100	nn	251.65180444303917
1400 Washington Ave, Albany, NY 12222	10000	191	4	100	ga	621.7007263651965
1400 Washington Ave, Albany, NY 12222	10000	93	4	100	ga	466.56550831548554
1400 Washington Ave, Albany, NY 12222	10000	263	4	100	aco	443.5537440316508
1400 Washington Ave, Albany, NY 12222	10000	300	4	100	sa	1177.4340525545235
1400 Washington Ave, Albany, NY 12222	10000	10	4	100	sa	94.37915075559337
1400 Washington Ave, Albany, NY 12222	10000	27	4	100	sa	183.94663986491753
1400 Washington Ave, Albany, NY 12222	10000	193	4	100	ga	875.862093525731
1400 Washington Ave, Albany, NY 12222	10000	30	4	100	ga	144.00161955411969
1400 Washington Ave, Albany, NY 12222	10000	391	4	100	nn	721.8483834233631
1400 Washington Ave, Albany, NY 12222	10000	353	4	100	sa	1285.6630341757163
1400 Washington Ave, Albany, NY 12222	10000	226	4	100	ga	815.9823573926195
1400 Washington Ave, Albany, NY 12222	10000	16	4	100	ga	101.7836107007157
1400 Washington Ave, Albany, NY 12222	10000	301	4	100	nn	598.8743052001637
1400 Washington Ave, Albany, NY 12222	10000	142	4	100	nn	396.820715497555
1400 Washington Ave, Albany, NY 12222	10000	351	4	100	sa	1303.789714872812
1400 Washington Ave, Albany, NY 12222	10000	316	4	100	ga	1114.9979092445112
1400 Washington Ave, Albany, NY 12222	10000	137	4	100	nn	341.3842391229089
1400 Washington Ave, Albany, NY 12222	10000	37	4	100	ga	193.82340779750254
1400 Washington Ave, Albany, NY 12222	10000	142	4	100	ga	511.5190091652195
1400 Washington Ave, Albany, NY 12222	10000	236	4	100	nn	531.5921024213127
1400 Washington Ave, Albany, NY 12222	10000	277	4	100	sa	1122.9705307606116
1400 Washington Ave, Albany, NY 12222	10000	66	4	100	ga	291.54245747541194
1400 Washington Ave, Albany, NY 12222	10000	393	4	100	aco	556.2526628237039
1400 Washington Ave, Albany, NY 12222	10000	189	4	100	ga	705.0204077121313
1400 Washington Ave, Albany, NY 12222	10000	240	4	100	sa	871.807362813806
1400 Washington Ave, Albany, NY 12222	10000	50	4	100	ga	246.9380713639333
1400 Washington Ave, Albany, NY 12222	10000	389	4	100	nn	705.6039620749045
1400 Washington Ave, Albany, NY 12222	10000	135	4	100	aco	314.46277204507646
1400 Washington Ave, Albany, NY 12222	10000	177	4	100	sa	752.9867100447173
1400 Washington Ave, Albany, NY 12222	10000	176	4	100	ga	702.0676022742625
1400 Washington Ave, Albany, NY 12222	10000	25	4	100	ga	145.50049114031404
1400 Washington Ave, Albany, NY 12222	10000	200	4	100	sa	889.5050156505704
1400 Washington Ave, Albany, NY 12222	10000	255	4	100	nn	602.958213958835
1400 Washington Ave, Albany, NY 12222	10000	121	4	100	aco	299.37124883039155
1400 Washington Ave, Albany, NY 12222	10000	42	4	100	aco	161.22381320254337
1400 Washington Ave, Albany, NY 12222	10000	360	4	100	ga	1036.57829847623
1400 Washington Ave, Albany, NY 12222	10000	255	4	100	sa	1008.8797061059992
1400 Washington Ave, Albany, NY 12222	10000	83	4	100	ga	300.9565587753281
1400 Washington Ave, Albany, NY 12222	10000	307	4	100	nn	633.7870288304609
1400 Washington Ave, Albany, NY 12222	10000	8	4	100	nn	70.46199898928681
1400 Washington Ave, Albany, NY 12222	10000	153	4	100	nn	368.290001918915
1400 Washington Ave, Albany, NY 12222	10000	257	4	100	sa	1041.5563361843233
1400 Washington Ave, Albany, NY 12222	10000	135	4	100	aco	326.1696916394787
1400 Washington Ave, Albany, NY 12222	10000	45	4	100	sa	256.7075812581871
1400 Washington Ave, Albany, NY 12222	10000	267	4	100	ga	816.0320619715843
1400 Washington Ave, Albany, NY 12222	10000	51	4	100	aco	167.01714831663696
1400 Washington Ave, Albany, NY 12222	10000	25	4	100	ga	167.06743432852508
1400 Washington Ave, Albany, NY 12222	10000	23	4	100	ga	117.9029529762677
1400 Washington Ave, Albany, NY 12222	10000	6	4	100	ga	56.690229650487765
1400 Washington Ave, Albany, NY 12222	10000	216	4	100	nn	483.0255699055457
1400 Washington Ave, Albany, NY 12222	10000	297	4	100	sa	1059.768906018179
1400 Washington Ave, Albany, NY 12222	10000	231	4	100	ga	735.2543053566413
1400 Washington Ave, Albany, NY 12222	10000	257	4	100	nn	559.5333001322947
1400 Washington Ave, Albany, NY 12222	10000	256	4	100	sa	1050.6553225446362
1400 Washington Ave, Albany, NY 12222	10000	275	4	100	ga	806.6448774758743
1400 Washington Ave, Albany, NY 12222	10000	178	4	100	sa	765.1792150574548
1400 Washington Ave, Albany, NY 12222	10000	316	4	100	nn	624.0459272412817
1400 Washington Ave, Albany, NY 12222	10000	23	4	100	sa	129.88572486155894
1400 Washington Ave, Albany, NY 12222	10000	277	4	100	aco	456.6510103095628
1400 Washington Ave, Albany, NY 12222	10000	63	4	100	sa	287.9811480649557
1400 Washington Ave, Albany, NY 12222	10000	151	4	100	sa	626.0894760635292
1400 Washington Ave, Albany, NY 12222	10000	253	4	100	nn	565.9403463306292
1400 Washington Ave, Albany, NY 12222	10000	39	4	100	sa	218.3664669478316
1400 Washington Ave, Albany, NY 12222	10000	345	4	100	ga	1024.9581110402955
1400 Washington Ave, Albany, NY 12222	10000	25	4	100	ga	138.85711972993093
1400 Washington Ave, Albany, NY 12222	10000	214	4	100	nn	489.0334907588376
1400 Washington Ave, Albany, NY 12222	10000	37	4	100	nn	167.3831022053885
1400 Washington Ave, Albany, NY 12222	10000	272	4	100	ga	889.7123659745455
1400 Washington Ave, Albany, NY 12222	10000	386	4	100	sa	1240.3018607094473
1400 Washington Ave, Albany, NY 12222	10000	208	4	100	ga	696.2171365628375
1400 Washington Ave, Albany, NY 12222	10000	324	4	100	nn	612.9685016537271
1400 Washington Ave, Albany, NY 12222	10000	36	4	100	ga	175.87910367748478
1400 Washington Ave, Albany, NY 12222	10000	236	4	100	sa	942.1909337764157
1400 Washington Ave, Albany, NY 12222	10000	41	4	100	ga	242.07787975353142
1400 Washington Ave, Albany, NY 12222	10000	303	4	100	aco	502.479168453245
1400 Washington Ave, Albany, NY 12222	10000	125	4	100	sa	673.5628947252703
1400 Washington Ave, Albany, NY 12222	10000	139	4	100	ga	614.0203227504103
1400 Washington Ave, Albany, NY 12222	10000	258	4	100	nn	535.2140554440261
1400 Washington Ave, Albany, NY 12222	10000	209	4	100	ga	679.0475108298466
1400 Washington Ave, Albany, NY 12222	10000	230	4	100	nn	458.6364559971118
1400 Washington Ave, Albany, NY 12222	10000	336	4	100	sa	1189.8484593331302
1400 Washington Ave, Albany, NY 12222	10000	102	4	100	ga	445.87511641524617
1400 Washington Ave, Albany, NY 12222	10000	34	4	100	sa	168.36270873667502
1400 Washington Ave, Albany, NY 12222	10000	209	4	100	sa	967.5856434336418
1400 Washington Ave, Albany, NY 12222	10000	343	4	100	nn	771.3445591172501
1400 Washington Ave, Albany, NY 12222	10000	315	4	100	ga	1042.2565646786031
1400 Washington Ave, Albany, NY 12222	10000	243	4	100	sa	1053.403179081299
1400 Washington Ave, Albany, NY 12222	10000	181	4	100	nn	455.5158957697442
1400 Washington Ave, Albany, NY 12222	10000	24	4	100	sa	139.9614549542253
1400 Washington Ave, Albany, NY 12222	10000	190	4	100	ga	694.0776028207836
1400 Washington Ave, Albany, NY 12222	10000	370	4	100	aco	587.5448134889016
1400 Washington Ave, Albany, NY 12222	10000	118	4	100	sa	581.2097752038932
1400 Washington Ave, Albany, NY 12222	10000	222	4	100	nn	540.0741799115958
1400 Washington Ave, Albany, NY 12222	10000	116	4	100	sa	619.3526071924044
1400 Washington Ave, Albany, NY 12222	10000	92	4	100	sa	515.1440180386902
1400 Washington Ave, Albany, NY 12222	10000	334	4	100	ga	959.200415012917
1400 Washington Ave, Albany, NY 12222	10000	105	4	100	sa	615.154811325985
1400 Washington Ave, Albany, NY 12222	10000	248	4	100	nn	541.3993218459954
1400 Washington Ave, Albany, NY 12222	10000	166	4	100	nn	407.3642567686435
1400 Washington Ave, Albany, NY 12222	10000	43	4	100	nn	196.40369822402403
1400 Washington Ave, Albany, NY 12222	10000	286	4	100	ga	952.9497145190574
1400 Washington Ave, Albany, NY 12222	10000	234	4	100	aco	444.62298424321807
1400 Washington Ave, Albany, NY 12222	10000	378	4	100	sa	1336.8607595041926
1400 Washington Ave, Albany, NY 12222	10000	50	4	100	aco	157.62399290538852
1400 Washington Ave, Albany, NY 12222	10000	137	4	100	ga	528.2650787338869
1400 Washington Ave, Albany, NY 12222	10000	248	4	100	nn	576.3264033887652
1400 Washington Ave, Albany, NY 12222	10000	127	4	100	nn	302.446917682489
1400 Washington Ave, Albany, NY 12222	10000	84	4	100	aco	255.01457884283974
1400 Washington Ave, Albany, NY 12222	10000	275	4	100	sa	1138.4430078013995
1400 Washington Ave, Albany, NY 12222	10000	104	4	100	nn	376.5101204064592
1400 Washington Ave, Albany, NY 12222	10000	329	4	100	ga	1042.9037554116655
1400 Washington Ave, Albany, NY 12222	10000	76	4	100	ga	325.34998069982197
1400 Washington Ave, Albany, NY 12222	10000	289	4	100	sa	1105.4277698327878
1400 Washington Ave, Albany, NY 12222	10000	75	4	100	sa	428.9948067499864
1400 Washington Ave, Albany, NY 12222	10000	363	4	100	nn	645.4981437444857
1400 Washington Ave, Albany, NY 12222	10000	109	4	100	sa	633.9462426757983
1400 Washington Ave, Albany, NY 12222	10000	394	4	100	ga	1193.8268740717374
1400 Washington Ave, Albany, NY 12222	10000	192	4	100	sa	707.6062403753897
1400 Washington Ave, Albany, NY 12222	10000	17	4	100	sa	92.57919595817276
1400 Washington Ave, Albany, NY 12222	10000	310	4	100	nn	622.8157519493245
1400 Washington Ave, Albany, NY 12222	10000	144	4	100	ga	577.096272784168
1400 Washington Ave, Albany, NY 12222	10000	122	4	100	ga	471.78252743313544
1400 Washington Ave, Albany, NY 12222	10000	347	4	100	aco	525.9325919335048
1400 Washington Ave, Albany, NY 12222	10000	25	4	100	ga	136.85777981719974
1400 Washington Ave, Albany, NY 12222	10000	29	4	100	ga	174.37853895187487
1400 Washington Ave, Albany, NY 12222	10000	74	4	100	ga	304.8443579242512
1400 Washington Ave, Albany, NY 12222	10000	363	4	100	sa	1267.9110086077114
1400 Washington Ave, Albany, NY 12222	10000	350	4	100	nn	685.5499889390106
1400 Washington Ave, Albany, NY 12222	10000	79	4	100	ga	350.82407754891614
1400 Washington Ave, Albany, NY 12222	10000	175	4	100	sa	757.1242086114815
1400 Washington Ave, Albany, NY 12222	10000	333	4	100	nn	653.620751839039
1400 Washington Ave, Albany, NY 12222	10000	288	4	100	ga	937.5805867918651
1400 Washington Ave, Albany, NY 12222	10000	106	4	100	nn	330.3584583931622
1400 Washington Ave, Albany, NY 12222	10000	353	4	100	sa	1196.2093977514794
1400 Washington Ave, Albany, NY 12222	10000	88	4	100	nn	288.61023671291986
1400 Washington Ave, Albany, NY 12222	10000	276	4	100	aco	473.6671331527353
1400 Washington Ave, Albany, NY 12222	10000	112	4	100	sa	635.5510634437031
1400 Washington Ave, Albany, NY 12222	10000	17	4	100	aco	98.80051667038201
1400 Washington Ave, Albany, NY 12222	10000	158	4	100	nn	389.54201012036424
1400 Washington Ave, Albany, NY 12222	10000	341	4	100	ga	868.6563702393216
1400 Washington Ave, Albany, NY 12222	10000	197	4	100	sa	869.5823180648711
1400 Washington Ave, Albany, NY 12222	10000	33	4	100	sa	180.1080391681028
1400 Washington Ave, Albany, NY 12222	10000	209	4	100	nn	478.45303713489994
1400 Washington Ave, Albany, NY 12222	10000	300	4	100	ga	911.0278182031346
1400 Washington Ave, Albany, NY 12222	10000	316	4	100	sa	1145.501926153395
1400 Washington Ave, Albany, NY 12222	10000	267	4	100	nn	578.1689951003124
1400 Washington Ave, Albany, NY 12222	10000	209	4	100	ga	715.8720870823225
1400 Washington Ave, Albany, NY 12222	10000	274	4	100	aco	474.2116831207954
1400 Washington Ave, Albany, NY 12222	10000	246	4	100	nn	523.0135022445929
1400 Washington Ave, Albany, NY 12222	10000	275	4	100	sa	1102.6235055032625
1400 Washington Ave, Albany, NY 12222	10000	163	4	100	nn	372.4378906690117
1400 Washington Ave, Albany, NY 12222	10000	301	4	100	ga	858.730949989247
1400 Washington Ave, Albany, NY 12222	10000	204	4	100	sa	905.1888131250506
1400 Washington Ave, Albany, NY 12222	10000	209	4	100	nn	500.90624639759346
1400 Washington Ave, Albany, NY 12222	10000	166	4	100	sa	733.596076152461
1400 Washington Ave, Albany, NY 12222	10000	393	4	100	ga	1006.0238835453453
1400 Washington Ave, Albany, NY 12222	10000	265	4	100	sa	1052.6419207412305
1400 Washington Ave, Albany, NY 12222	10000	312	4	100	nn	602.892930761856
1400 Washington Ave, Albany, NY 12222	10000	257	4	100	ga	1044.1102267500205
1400 Washington Ave, Albany, NY 12222	10000	334	4	100	aco	540.446454510957
1400 Washington Ave, Albany, NY 12222	10000	10	4	100	aco	71.67241446944172
1400 Washington Ave, Albany, NY 12222	10000	249	4	100	sa	979.7717809001051
1400 Washington Ave, Albany, NY 12222	10000	396	4	100	nn	683.4372108029015
1400 Washington Ave, Albany, NY 12222	10000	82	4	100	aco	251.18076565907546
1400 Washington Ave, Albany, NY 12222	10000	303	4	100	sa	1198.483438469166
1400 Washington Ave, Albany, NY 12222	10000	143	4	100	nn	385.84657527894734
1400 Washington Ave, Albany, NY 12222	10000	389	4	100	ga	1054.0480923468674
1400 Washington Ave, Albany, NY 12222	10000	84	4	100	sa	476.6609334925293
1400 Washington Ave, Albany, NY 12222	10000	203	4	100	nn	434.11411888599304
1400 Washington Ave, Albany, NY 12222	10000	292	4	100	sa	1260.99252611661
1400 Washington Ave, Albany, NY 12222	10000	161	4	100	nn	411.2963923656029
1400 Washington Ave, Albany, NY 12222	10000	320	4	100	ga	1083.21265750812
1400 Washington Ave, Albany, NY 12222	10000	35	4	100	ga	168.758632225442
1400 Washington Ave, Albany, NY 12222	10000	28	4	100	ga	149.39079672133823
1400 Washington Ave, Albany, NY 12222	10000	161	4	100	sa	700.5258416961054
1400 Washington Ave, Albany, NY 12222	10000	165	4	100	nn	423.0309087254435
1400 Washington Ave, Albany, NY 12222	10000	199	4	100	nn	434.2090722208461
1400 Washington Ave, Albany, NY 12222	10000	268	4	100	ga	764.9699449464074
1400 Washington Ave, Albany, NY 12222	10000	343	4	100	aco	547.4315922354638
1400 Washington Ave, Albany, NY 12222	10000	108	4	100	nn	342.2657246545552
1400 Washington Ave, Albany, NY 12222	10000	327	4	100	sa	1250.2062922564596
1400 Washington Ave, Albany, NY 12222	10000	47	4	100	sa	227.511489630736
1400 Washington Ave, Albany, NY 12222	10000	149	4	100	nn	384.65243331465274
1400 Washington Ave, Albany, NY 12222	10000	213	4	100	sa	958.1598112930243
1400 Washington Ave, Albany, NY 12222	10000	132	4	100	aco	354.8303989825583
1400 Washington Ave, Albany, NY 12222	10000	384	4	100	ga	1122.4923510686
1400 Washington Ave, Albany, NY 12222	10000	226	4	100	nn	536.7041619532688
1400 Washington Ave, Albany, NY 12222	10000	82	4	100	ga	343.9036413910744
1400 Washington Ave, Albany, NY 12222	10000	182	4	100	sa	803.1370930552816
1400 Washington Ave, Albany, NY 12222	10000	195	4	100	nn	471.22585757412406
1400 Washington Ave, Albany, NY 12222	10000	33	4	100	nn	146.63937805642496
1400 Washington Ave, Albany, NY 12222	10000	163	4	100	sa	746.6503270350015
1400 Washington Ave, Albany, NY 12222	10000	28	4	100	sa	161.07564852877243
1400 Washington Ave, Albany, NY 12222	10000	13	4	100	rl	164.23340332504708
1400 Washington Ave, Albany, NY 12222	10000	170	4	100	aco	359.8463818046131
1400 Washington Ave, Albany, NY 12222	10000	370	4	100	ga	1110.6031250355472
1400 Washington Ave, Albany, NY 12222	10000	280	4	100	nn	538.5390113554411
1400 Washington Ave, Albany, NY 12222	10000	251	4	100	sa	991.6071787557628
1400 Washington Ave, Albany, NY 12222	10000	111	4	100	ga	452.4058210589825
1400 Washington Ave, Albany, NY 12222	10000	101	4	100	nn	281.6155490256383
1400 Washington Ave, Albany, NY 12222	10000	95	4	100	nn	291.2382484869566
1400 Washington Ave, Albany, NY 12222	10000	184	4	100	sa	800.2598406513717
1400 Washington Ave, Albany, NY 12222	10000	176	4	100	ga	577.762682730776
1400 Washington Ave, Albany, NY 12222	10000	17	4	100	ga	108.56707487376471
1400 Washington Ave, Albany, NY 12222	10000	111	4	100	sa	623.7388667141081
1400 Washington Ave, Albany, NY 12222	10000	127	4	100	nn	358.9594762048976
1400 Washington Ave, Albany, NY 12222	10000	73	4	100	ga	382.1446366123019
1400 Washington Ave, Albany, NY 12222	10000	49	4	100	sa	275.3023277965351
1400 Washington Ave, Albany, NY 12222	10000	98	4	100	sa	600.4373050542499
1400 Washington Ave, Albany, NY 12222	10000	168	4	100	ga	632.4920847179689
1400 Washington Ave, Albany, NY 12222	10000	268	4	100	nn	524.9286169493872
1400 Washington Ave, Albany, NY 12222	10000	227	4	100	sa	977.8303067064712
1400 Washington Ave, Albany, NY 12222	10000	27	4	100	sa	157.7243934130751
1400 Washington Ave, Albany, NY 12222	10000	144	4	100	nn	366.5012301475841
1400 Washington Ave, Albany, NY 12222	10000	363	4	100	aco	566.0826731798473
1400 Washington Ave, Albany, NY 12222	10000	400	4	100	ga	1186.9408968196592
1400 Washington Ave, Albany, NY 12222	10000	26	4	100	aco	120.67260613392787
1400 Washington Ave, Albany, NY 12222	10000	260	4	100	sa	1086.2877893128632
1400 Washington Ave, Albany, NY 12222	10000	314	4	100	nn	671.2008209959081
1400 Washington Ave, Albany, NY 12222	10000	24	4	100	nn	166.62489601449872
1400 Washington Ave, Albany, NY 12222	10000	41	4	100	nn	173.97187794456667
1400 Washington Ave, Albany, NY 12222	10000	136	4	100	nn	362.9265502182514
1400 Washington Ave, Albany, NY 12222	10000	335	4	100	ga	925.6964037172557
1400 Washington Ave, Albany, NY 12222	10000	351	4	100	sa	1242.8835615985306
1400 Washington Ave, Albany, NY 12222	10000	172	4	100	sa	806.3293322831748
1400 Washington Ave, Albany, NY 12222	10000	93	4	100	sa	512.6165197751901
1400 Washington Ave, Albany, NY 12222	10000	354	4	100	nn	685.8946047519721
1400 Washington Ave, Albany, NY 12222	10000	326	4	100	ga	1089.3930529079773
1400 Washington Ave, Albany, NY 12222	10000	66	4	100	ga	334.13593488218635
1400 Washington Ave, Albany, NY 12222	10000	317	4	100	aco	572.7494478611645
1400 Washington Ave, Albany, NY 12222	10000	272	4	100	nn	558.5307094171714
1400 Washington Ave, Albany, NY 12222	10000	5	4	100	nn	63.86411628556221
1400 Washington Ave, Albany, NY 12222	10000	40	4	100	aco	157.71620608019188
1400 Washington Ave, Albany, NY 12222	10000	359	4	100	sa	1183.703527479299
1400 Washington Ave, Albany, NY 12222	10000	164	4	100	nn	348.8453081575036
1400 Washington Ave, Albany, NY 12222	10000	320	4	100	ga	1074.3322839005154
1400 Washington Ave, Albany, NY 12222	10000	30	4	100	ga	151.27539283157222
1400 Washington Ave, Albany, NY 12222	10000	280	4	100	sa	1094.9288150266418
1400 Washington Ave, Albany, NY 12222	10000	41	4	100	sa	224.99698232507203
1400 Washington Ave, Albany, NY 12222	10000	179	4	100	ga	591.8882554313244
1400 Washington Ave, Albany, NY 12222	10000	155	4	100	aco	315.09196421804376
1400 Washington Ave, Albany, NY 12222	10000	21	4	100	ga	141.47586913488706
1400 Washington Ave, Albany, NY 12222	10000	308	4	100	nn	594.6813510926864
1400 Washington Ave, Albany, NY 12222	10000	67	4	100	aco	215.37222562383525
1400 Washington Ave, Albany, NY 12222	10000	166	4	100	ga	731.1161944037492
1400 Washington Ave, Albany, NY 12222	10000	28	4	100	ga	134.4699531699964
1400 Washington Ave, Albany, NY 12222	10000	344	4	100	sa	1398.8900923957644
1400 Washington Ave, Albany, NY 12222	10000	349	4	100	nn	637.4991041342743
1400 Washington Ave, Albany, NY 12222	10000	221	4	100	ga	760.0175722953862
1400 Washington Ave, Albany, NY 12222	10000	15	4	100	ga	95.93515516086265
1400 Washington Ave, Albany, NY 12222	10000	127	4	100	aco	324.2518136673606
1400 Washington Ave, Albany, NY 12222	10000	23	4	100	ga	122.40479767985039
1400 Washington Ave, Albany, NY 12222	10000	88	4	100	nn	290.4277766151435
1400 Washington Ave, Albany, NY 12222	10000	19	4	100	aco	113.76660995762686
1400 Washington Ave, Albany, NY 12222	10000	205	4	100	sa	996.8634387096215
1400 Washington Ave, Albany, NY 12222	10000	52	4	100	ga	243.73624189406357
1400 Washington Ave, Albany, NY 12222	10000	151	4	100	ga	588.8354523174236
1400 Washington Ave, Albany, NY 12222	10000	323	4	100	sa	1143.3485120351338
1400 Washington Ave, Albany, NY 12222	10000	9	4	100	sa	73.3359201586413
1400 Washington Ave, Albany, NY 12222	10000	382	4	100	nn	755.2790272280006
1400 Washington Ave, Albany, NY 12222	10000	92	4	100	nn	271.40452680203464
1400 Washington Ave, Albany, NY 12222	10000	203	4	100	sa	1065.6519444574
1400 Washington Ave, Albany, NY 12222	10000	397	4	100	ga	1212.1548294449476
1400 Washington Ave, Albany, NY 12222	10000	187	4	100	nn	426.5763698930852
1400 Washington Ave, Albany, NY 12222	10000	75	4	100	ga	337.4794122065217
1400 Washington Ave, Albany, NY 12222	10000	29	4	100	ga	124.21135829249047
1400 Washington Ave, Albany, NY 12222	10000	295	4	100	aco	486.7766679742062
1400 Washington Ave, Albany, NY 12222	10000	123	4	100	ga	469.90757992011225
1400 Washington Ave, Albany, NY 12222	10000	331	4	100	sa	1183.515531782258
1400 Washington Ave, Albany, NY 12222	10000	241	4	100	nn	477.7070164478512
1400 Washington Ave, Albany, NY 12222	10000	242	4	100	ga	829.1570829819719
1400 Washington Ave, Albany, NY 12222	10000	28	4	100	ga	131.71961613218278
1400 Washington Ave, Albany, NY 12222	10000	307	4	100	nn	637.0312907186244
1400 Washington Ave, Albany, NY 12222	10000	57	4	100	nn	201.40583780309348
1400 Washington Ave, Albany, NY 12222	10000	393	4	100	sa	1290.553690050292
1400 Washington Ave, Albany, NY 12222	10000	121	4	100	nn	361.2324479325862
1400 Washington Ave, Albany, NY 12222	10000	232	4	100	sa	1029.5164736584882
1400 Washington Ave, Albany, NY 12222	10000	396	4	100	ga	1414.7650068531354
1400 Washington Ave, Albany, NY 12222	10000	253	4	100	sa	1050.9925380113257
1400 Washington Ave, Albany, NY 12222	10000	387	4	100	nn	659.403019041751
1400 Washington Ave, Albany, NY 12222	10000	276	4	100	ga	833.1358134831321
1400 Washington Ave, Albany, NY 12222	10000	114	4	100	sa	548.9550979453148
1400 Washington Ave, Albany, NY 12222	10000	393	4	100	aco	590.5294771921523
1400 Washington Ave, Albany, NY 12222	10000	207	4	100	sa	865.6024156635085
1400 Washington Ave, Albany, NY 12222	10000	243	4	100	ga	767.455087297075
1400 Washington Ave, Albany, NY 12222	10000	342	4	100	nn	772.530209951194
1400 Washington Ave, Albany, NY 12222	10000	89	4	100	sa	482.80059932971466
1400 Washington Ave, Albany, NY 12222	10000	62	4	100	sa	395.0733039466313
1400 Washington Ave, Albany, NY 12222	10000	130	4	100	nn	363.8055204815721
1400 Washington Ave, Albany, NY 12222	10000	192	4	100	nn	432.1270209134856
1400 Washington Ave, Albany, NY 12222	10000	318	4	100	ga	901.534222361115
1400 Washington Ave, Albany, NY 12222	10000	65	4	100	nn	203.60407024099501
1400 Washington Ave, Albany, NY 12222	10000	71	4	100	ga	347.32191962005095
1400 Washington Ave, Albany, NY 12222	10000	374	4	100	sa	1408.294576795362
1400 Washington Ave, Albany, NY 12222	10000	79	4	100	sa	414.26080299554184
1400 Washington Ave, Albany, NY 12222	10000	77	4	100	sa	395.9956471084365
1400 Washington Ave, Albany, NY 12222	10000	244	4	100	ga	789.9578047454947
1400 Washington Ave, Albany, NY 12222	10000	379	4	100	nn	692.6600426785525
1400 Washington Ave, Albany, NY 12222	10000	363	4	100	aco	570.3422072327935
1400 Washington Ave, Albany, NY 12222	10000	260	4	100	sa	1066.5880791219336
1400 Washington Ave, Albany, NY 12222	10000	280	4	100	ga	877.5758598229716
1400 Washington Ave, Albany, NY 12222	10000	205	4	100	nn	476.98911637339177
1400 Washington Ave, Albany, NY 12222	10000	137	4	100	sa	645.9591439319624
1400 Washington Ave, Albany, NY 12222	10000	140	4	100	ga	499.8129406369249
1400 Washington Ave, Albany, NY 12222	10000	212	4	100	nn	522.5167074070982
1400 Washington Ave, Albany, NY 12222	10000	26	4	100	nn	174.75351863508618
1400 Washington Ave, Albany, NY 12222	10000	208	4	100	sa	950.9660975197239
1400 Washington Ave, Albany, NY 12222	10000	68	4	100	nn	250.89619846498732
1400 Washington Ave, Albany, NY 12222	10000	37	4	100	sa	172.9351274764644
1400 Washington Ave, Albany, NY 12222	10000	176	4	100	sa	741.0137245420655
1400 Washington Ave, Albany, NY 12222	10000	344	4	100	ga	1096.3090144938433
1400 Washington Ave, Albany, NY 12222	10000	284	4	100	nn	536.3564516054364
1400 Washington Ave, Albany, NY 12222	10000	48	4	100	nn	220.20297437441184
1400 Washington Ave, Albany, NY 12222	10000	283	4	100	aco	500.14542803496334
1400 Washington Ave, Albany, NY 12222	10000	196	4	100	sa	951.6109451764667
1400 Washington Ave, Albany, NY 12222	10000	193	4	100	nn	445.7071728298847
1400 Washington Ave, Albany, NY 12222	10000	335	4	100	ga	870.7303699460168
1400 Washington Ave, Albany, NY 12222	10000	5	4	100	ga	67.42741506188764
1400 Washington Ave, Albany, NY 12222	10000	92	4	100	aco	251.7315092669059
1400 Washington Ave, Albany, NY 12222	10000	223	4	100	sa	852.1486337205537
1400 Washington Ave, Albany, NY 12222	10000	57	4	100	aco	213.6482491880528
1400 Washington Ave, Albany, NY 12222	10000	11	4	100	aco	84.35105662128598
1400 Washington Ave, Albany, NY 12222	10000	227	4	100	ga	965.3956616850639
1400 Washington Ave, Albany, NY 12222	10000	297	4	100	nn	594.8692755431244
1400 Washington Ave, Albany, NY 12222	10000	288	4	100	sa	1222.7322559818285
1400 Washington Ave, Albany, NY 12222	10000	102	4	100	aco	286.1729709441277
1400 Washington Ave, Albany, NY 12222	10000	244	4	100	nn	549.4017822610518
1400 Washington Ave, Albany, NY 12222	10000	312	4	100	ga	946.5864201114273
1400 Washington Ave, Albany, NY 12222	10000	76	4	100	aco	224.95937287034536
1400 Washington Ave, Albany, NY 12222	10000	120	4	100	nn	346.4888436457059
1400 Washington Ave, Albany, NY 12222	10000	330	4	100	sa	1283.8584722755486
1400 Washington Ave, Albany, NY 12222	10000	263	4	100	ga	977.8912120104357
1400 Washington Ave, Albany, NY 12222	10000	269	4	100	sa	1057.8387258783475
1400 Washington Ave, Albany, NY 12222	10000	376	4	100	nn	676.8582508198998
1400 Washington Ave, Albany, NY 12222	10000	49	4	100	nn	189.27282689746272
1400 Washington Ave, Albany, NY 12222	10000	284	4	100	sa	1043.0430282640111
1400 Washington Ave, Albany, NY 12222	10000	387	4	100	ga	1432.8735843900256
1400 Washington Ave, Albany, NY 12222	10000	263	4	100	nn	567.218091638269
1400 Washington Ave, Albany, NY 12222	10000	98	4	100	sa	538.3288977901507
1400 Washington Ave, Albany, NY 12222	10000	265	4	100	aco	433.944854439353
1400 Washington Ave, Albany, NY 12222	10000	180	4	100	ga	660.4542525552987
1400 Washington Ave, Albany, NY 12222	10000	197	4	100	sa	912.4348564396249
1400 Washington Ave, Albany, NY 12222	10000	317	4	100	nn	697.8623952115984
1400 Washington Ave, Albany, NY 12222	10000	232	4	100	ga	733.3872509110183
1400 Washington Ave, Albany, NY 12222	10000	258	4	100	sa	993.9144792524082
1400 Washington Ave, Albany, NY 12222	10000	216	4	100	nn	477.36709080490544
1400 Washington Ave, Albany, NY 12222	10000	34	4	100	nn	166.05461984601627
1400 Washington Ave, Albany, NY 12222	10000	226	4	100	aco	398.8160767666767
1400 Washington Ave, Albany, NY 12222	10000	335	4	100	ga	1190.499339773807
1400 Washington Ave, Albany, NY 12222	10000	391	4	100	sa	1305.4889640549306
1400 Washington Ave, Albany, NY 12222	10000	296	4	100	nn	561.1103138825338
1400 Washington Ave, Albany, NY 12222	10000	59	4	100	nn	228.51591520908664
1400 Washington Ave, Albany, NY 12222	10000	21	4	100	nn	142.54188368683248
1400 Washington Ave, Albany, NY 12222	10000	137	4	100	sa	636.6386401096387
1400 Washington Ave, Albany, NY 12222	10000	367	4	100	ga	1122.147857061994
1400 Washington Ave, Albany, NY 12222	10000	224	4	100	sa	899.6262374909468
1400 Washington Ave, Albany, NY 12222	10000	227	4	100	aco	425.6711529061411
1400 Washington Ave, Albany, NY 12222	10000	29	4	100	aco	137.75436866397368
1400 Washington Ave, Albany, NY 12222	10000	79	4	100	sa	414.8784221462565
1400 Washington Ave, Albany, NY 12222	10000	398	4	100	nn	761.853735533444
1400 Washington Ave, Albany, NY 12222	10000	183	4	100	sa	812.8585085365252
1400 Washington Ave, Albany, NY 12222	10000	354	4	100	ga	1141.8204337363916
1400 Washington Ave, Albany, NY 12222	10000	91	4	100	sa	447.4212067433362
1400 Washington Ave, Albany, NY 12222	10000	51	4	100	sa	304.3448518924666
1400 Washington Ave, Albany, NY 12222	10000	100	4	100	ga	536.0386545645433
1400 Washington Ave, Albany, NY 12222	10000	37	4	100	ga	166.2936343236577
1400 Washington Ave, Albany, NY 12222	10000	49	4	100	sa	243.79505392868012
1400 Washington Ave, Albany, NY 12222	10000	9	4	100	sa	89.77815102704714
1400 Washington Ave, Albany, NY 12222	10000	346	4	100	nn	689.8541487634576
1400 Washington Ave, Albany, NY 12222	10000	32	4	100	sa	162.63642761027074
1400 Washington Ave, Albany, NY 12222	10000	262	4	100	nn	575.0518725578422
1400 Washington Ave, Albany, NY 12222	10000	328	4	100	ga	974.6765548147679
1400 Washington Ave, Albany, NY 12222	10000	122	4	100	nn	378.90768828514393
1400 Washington Ave, Albany, NY 12222	10000	381	4	100	sa	1225.656381327031
1400 Washington Ave, Albany, NY 12222	10000	96	4	100	ga	403.44733319087396
1400 Washington Ave, Albany, NY 12222	10000	72	4	100	nn	240.9755176048149
1400 Washington Ave, Albany, NY 12222	10000	156	4	100	nn	405.86770423180377
1400 Washington Ave, Albany, NY 12222	10000	269	4	100	sa	960.7030934636921
1400 Washington Ave, Albany, NY 12222	10000	254	4	100	ga	841.9227685053394
1400 Washington Ave, Albany, NY 12222	10000	71	4	100	nn	224.24841332357215
1400 Washington Ave, Albany, NY 12222	10000	37	4	100	sa	203.46908560523636
1400 Washington Ave, Albany, NY 12222	10000	397	4	100	aco	573.9284112201524
1400 Washington Ave, Albany, NY 12222	10000	6	4	100	aco	52.42631119076009
1400 Washington Ave, Albany, NY 12222	10000	238	4	100	sa	967.3727942847406
1400 Washington Ave, Albany, NY 12222	10000	296	4	100	nn	566.4172160607014
1400 Washington Ave, Albany, NY 12222	10000	378	4	100	ga	1265.9031169191737
1400 Washington Ave, Albany, NY 12222	10000	20	4	100	ga	129.4966215032091
1400 Washington Ave, Albany, NY 12222	10000	230	4	100	nn	453.9083221407897
1400 Washington Ave, Albany, NY 12222	10000	108	4	100	ga	485.9631047345642
1400 Washington Ave, Albany, NY 12222	10000	366	4	100	sa	1424.8363084569553
1400 Washington Ave, Albany, NY 12222	10000	219	4	100	ga	671.6545394573839
1400 Washington Ave, Albany, NY 12222	10000	388	4	100	nn	748.9341881633476
1400 Washington Ave, Albany, NY 12222	10000	12	4	100	nn	91.94583768769775
1400 Washington Ave, Albany, NY 12222	10000	358	4	100	sa	1304.9897929762194
1400 Washington Ave, Albany, NY 12222	10000	288	4	100	ga	869.6286272910789
1400 Washington Ave, Albany, NY 12222	10000	168	4	100	nn	423.69939695254016
1400 Washington Ave, Albany, NY 12222	10000	384	4	100	aco	531.8289494324675
1400 Washington Ave, Albany, NY 12222	10000	303	4	100	sa	1208.367925374856
1400 Washington Ave, Albany, NY 12222	10000	55	4	100	sa	256.4388756109485
1400 Washington Ave, Albany, NY 12222	10000	315	4	100	ga	879.1413080357455
1400 Washington Ave, Albany, NY 12222	10000	345	4	100	nn	623.7278376824246
1400 Washington Ave, Albany, NY 12222	10000	67	4	100	nn	243.5825914646541
1400 Washington Ave, Albany, NY 12222	10000	111	4	100	ga	476.51590192400033
1400 Washington Ave, Albany, NY 12222	10000	206	4	100	sa	823.3320021992479
1400 Washington Ave, Albany, NY 12222	10000	10	4	100	sa	92.73874407878954
1400 Washington Ave, Albany, NY 12222	10000	195	4	100	sa	866.140617017149
1400 Washington Ave, Albany, NY 12222	10000	226	4	100	aco	417.3935397152019
1400 Washington Ave, Albany, NY 12222	10000	397	4	100	nn	712.1727008574422
1400 Washington Ave, Albany, NY 12222	10000	364	4	100	ga	1174.9455281399305
1400 Washington Ave, Albany, NY 12222	10000	4	4	100	nn	60.618197761338536
1400 Washington Ave, Albany, NY 12222	10000	350	4	100	sa	1193.8531185399322
1400 Washington Ave, Albany, NY 12222	10000	22	4	100	sa	144.0777492104281
1400 Washington Ave, Albany, NY 12222	10000	48	4	100	sa	248.84390884394097
1400 Washington Ave, Albany, NY 12222	10000	178	4	100	aco	365.9330557523146
1400 Washington Ave, Albany, NY 12222	10000	312	4	100	nn	601.078553467534
1400 Washington Ave, Albany, NY 12222	10000	348	4	100	ga	995.233833479173
1400 Washington Ave, Albany, NY 12222	10000	34	4	100	ga	171.25325952287335
1400 Washington Ave, Albany, NY 12222	10000	205	4	100	sa	892.7407257313345
1400 Washington Ave, Albany, NY 12222	10000	60	4	100	sa	319.0245572241818
1400 Washington Ave, Albany, NY 12222	10000	124	4	100	aco	317.2751222604902
1400 Washington Ave, Albany, NY 12222	10000	214	4	100	ga	701.1206007792921
1400 Washington Ave, Albany, NY 12222	10000	315	4	100	nn	662.0668677292998
1400 Washington Ave, Albany, NY 12222	10000	50	4	100	nn	213.7813248011346
1400 Washington Ave, Albany, NY 12222	10000	28	4	100	nn	151.81198609935967
1400 Washington Ave, Albany, NY 12222	10000	53	4	100	aco	198.65896266657757
1400 Washington Ave, Albany, NY 12222	10000	103	4	100	ga	431.7327309521903
1400 Washington Ave, Albany, NY 12222	10000	326	4	100	sa	1287.360014777123
1400 Washington Ave, Albany, NY 12222	10000	14	4	100	sa	93.11834960222004
1400 Washington Ave, Albany, NY 12222	10000	92	4	100	sa	562.0529459413971
1400 Washington Ave, Albany, NY 12222	10000	251	4	100	nn	526.5091869279777
1400 Washington Ave, Albany, NY 12222	10000	270	4	100	ga	852.5421316334109
1400 Washington Ave, Albany, NY 12222	10000	97	4	100	nn	349.83147258564856
1400 Washington Ave, Albany, NY 12222	10000	121	4	100	sa	589.1510846058962
1400 Washington Ave, Albany, NY 12222	10000	126	4	100	sa	576.5573666135915
1400 Washington Ave, Albany, NY 12222	10000	132	4	100	sa	653.702941001848
1400 Washington Ave, Albany, NY 12222	10000	239	4	100	aco	473.94013151842944
1400 Washington Ave, Albany, NY 12222	10000	395	4	100	ga	1178.6963732891147
1400 Washington Ave, Albany, NY 12222	10000	394	4	100	nn	701.7876203880919
1400 Washington Ave, Albany, NY 12222	10000	35	4	100	ga	161.99063323416917
1400 Washington Ave, Albany, NY 12222	10000	241	4	100	sa	942.1278782600402
1400 Washington Ave, Albany, NY 12222	10000	298	4	100	nn	555.331171016802
1400 Washington Ave, Albany, NY 12222	10000	300	4	100	sa	1194.1538587418092
1400 Washington Ave, Albany, NY 12222	10000	380	4	100	ga	1360.631930208679
1400 Washington Ave, Albany, NY 12222	10000	89	4	100	ga	448.0966677129694
1400 Washington Ave, Albany, NY 12222	10000	245	4	100	aco	476.1859370744192
1400 Washington Ave, Albany, NY 12222	10000	327	4	100	nn	597.343114026353
1400 Washington Ave, Albany, NY 12222	10000	122	4	100	nn	306.45121145910315
1400 Washington Ave, Albany, NY 12222	10000	387	4	100	sa	1265.815061481136
1400 Washington Ave, Albany, NY 12222	10000	382	4	100	ga	1195.3400583919856
1400 Washington Ave, Albany, NY 12222	10000	332	4	100	nn	703.6183459501539
1400 Washington Ave, Albany, NY 12222	10000	310	4	100	sa	1174.5759205960019
1400 Washington Ave, Albany, NY 12222	10000	54	4	100	nn	203.44728149397233
1400 Washington Ave, Albany, NY 12222	10000	70	4	100	nn	219.0631209046412
1400 Washington Ave, Albany, NY 12222	10000	332	4	100	ga	1047.6950322208886
1400 Washington Ave, Albany, NY 12222	10000	322	4	100	nn	600.2013674837211
1400 Washington Ave, Albany, NY 12222	10000	368	4	100	aco	563.6603747108672
1400 Washington Ave, Albany, NY 12222	10000	338	4	100	ga	999.0600743794009
1400 Washington Ave, Albany, NY 12222	10000	132	4	100	ga	515.497210958125
1400 Washington Ave, Albany, NY 12222	10000	290	4	100	nn	600.55530422723
1400 Washington Ave, Albany, NY 12222	10000	30	4	100	ga	183.8666220236707
1400 Washington Ave, Albany, NY 12222	10000	90	4	100	ga	350.20265704034597
1400 Washington Ave, Albany, NY 12222	10000	15	4	100	ga	100.97423161330187
1400 Washington Ave, Albany, NY 12222	10000	206	4	100	nn	420.24788854637563
1400 Washington Ave, Albany, NY 12222	10000	175	4	100	ga	597.6885578219993
1400 Washington Ave, Albany, NY 12222	10000	193	4	100	ga	740.5626328756363
1400 Washington Ave, Albany, NY 12222	10000	175	4	100	ga	586.9815568496507
1400 Washington Ave, Albany, NY 12222	10000	363	4	100	aco	582.8875346825408
1400 Washington Ave, Albany, NY 12222	10000	88	4	100	ga	397.29923055123254
1400 Washington Ave, Albany, NY 12222	10000	18	4	100	ga	134.89898007638152
1400 Washington Ave, Albany, NY 12222	10000	278	4	100	ga	963.6296835827795
1400 Washington Ave, Albany, NY 12222	10000	201	4	100	aco	379.40589372539915
1400 Washington Ave, Albany, NY 12222	10000	333	4	100	ga	879.1490935006553
1400 Washington Ave, Albany, NY 12222	10000	142	4	100	ga	487.14498100297004
1400 Washington Ave, Albany, NY 12222	10000	132	4	100	ga	551.2475125989122
1400 Washington Ave, Albany, NY 12222	10000	118	4	100	ga	490.3986631643837
1400 Washington Ave, Albany, NY 12222	10000	30	4	100	ga	139.79977962306404
1400 Washington Ave, Albany, NY 12222	10000	13	4	100	ga	78.74784936009634
1400 Washington Ave, Albany, NY 12222	10000	224	4	100	aco	424.5521911198992
1400 Washington Ave, Albany, NY 12222	10000	15	4	100	aco	89.19319037728016
1400 Washington Ave, Albany, NY 12222	10000	163	4	100	aco	351.5560612403975
1400 Washington Ave, Albany, NY 12222	10000	71	4	100	aco	218.31976465086416
1400 Washington Ave, Albany, NY 12222	10000	119	4	100	aco	291.9237279472856
1400 Washington Ave, Albany, NY 12222	10000	370	4	100	aco	588.8273816467181
1400 Washington Ave, Albany, NY 12222	10000	130	4	100	aco	296.9068786804308
1400 Washington Ave, Albany, NY 12222	10000	85	4	100	aco	243.58323894929032
1400 Washington Ave, Albany, NY 12222	10000	210	4	100	aco	405.1532985712392
1400 Washington Ave, Albany, NY 12222	10000	65	4	100	aco	210.574424696591
1400 Washington Ave, Albany, NY 12222	10000	216	4	100	aco	468.07540307768534
1400 Washington Ave, Albany, NY 12222	10000	121	4	100	aco	327.6280725607523
1400 Washington Ave, Albany, NY 12222	10000	69	4	100	aco	228.20700106217654
1400 Washington Ave, Albany, NY 12222	10000	162	4	100	aco	380.4156407475869
1400 Washington Ave, Albany, NY 12222	10000	286	4	100	aco	452.24300741531965
1400 Washington Ave, Albany, NY 12222	10000	79	4	100	aco	213.5243827800784
1400 Washington Ave, Albany, NY 12222	10000	295	4	100	aco	520.8632079150551
1400 Washington Ave, Albany, NY 12222	10000	273	4	100	aco	475.8908544727891
1400 Washington Ave, Albany, NY 12222	10000	1	4	100	aco	23.718734003065357
1400 Washington Ave, Albany, NY 12222	10000	98	4	100	aco	267.5344046568238
1400 Washington Ave, Albany, NY 12222	10000	318	4	100	aco	497.99534490094175
1400 Washington Ave, Albany, NY 12222	10000	205	4	100	aco	452.69163372140565
1400 Washington Ave, Albany, NY 12222	10000	342	4	100	aco	568.2067675778803
1400 Washington Ave, Albany, NY 12222	10000	358	4	100	aco	528.5834121084255
1400 Washington Ave, Albany, NY 12222	10000	21	4	100	aco	108.67753037833008
1400 Washington Ave, Albany, NY 12222	10000	243	4	100	aco	450.2565874117563
1400 Washington Ave, Albany, NY 12222	10000	337	4	100	aco	519.7743634128935
1400 Washington Ave, Albany, NY 12222	10000	199	4	100	aco	411.3467289151023
1400 Washington Ave, Albany, NY 12222	10000	7	4	100	aco	81.84659137407071
1400 Washington Ave, Albany, NY 12222	10000	72	4	100	aco	214.48317491771948
1400 Washington Ave, Albany, NY 12222	10000	263	4	100	aco	495.7860251117292
1400 Washington Ave, Albany, NY 12222	10000	277	4	100	aco	490.8631216270315
1400 Washington Ave, Albany, NY 12222	10000	48	4	100	aco	169.1946666937017
1400 Washington Ave, Albany, NY 12222	10000	60	4	100	aco	202.2149147119564
1400 Washington Ave, Albany, NY 12222	10000	42	4	100	aco	159.7707762947872
1400 Washington Ave, Albany, NY 12222	10000	246	4	100	aco	465.58662036310915
1400 Washington Ave, Albany, NY 12222	10000	41	4	100	aco	172.29097829535755
1400 Washington Ave, Albany, NY 12222	10000	394	4	100	aco	560.2329126036932
1400 Washington Ave, Albany, NY 12222	10000	260	4	100	aco	483.5721653173034
1400 Washington Ave, Albany, NY 12222	10000	18	4	100	aco	99.65032893847977
1400 Washington Ave, Albany, NY 12222	10000	361	4	100	aco	547.6372382427097
1400 Washington Ave, Albany, NY 12222	10000	281	4	100	aco	462.78517479918094
1400 Washington Ave, Albany, NY 12222	10000	55	4	100	aco	193.85987086924956
1400 Washington Ave, Albany, NY 12222	10000	373	4	100	aco	548.7922878169114
1400 Washington Ave, Albany, NY 12222	10000	301	4	100	aco	495.82634534634116
1400 Washington Ave, Albany, NY 12222	10000	100	4	100	aco	236.56354922483104
1400 Washington Ave, Albany, NY 12222	10000	361	4	100	aco	545.3328311848521
1400 Washington Ave, Albany, NY 12222	10000	284	4	100	aco	455.82379748765777
1400 Washington Ave, Albany, NY 12222	10000	182	4	100	aco	416.3144483226999
1400 Washington Ave, Albany, NY 12222	10000	32	4	100	aco	148.72161984222384
1400 Washington Ave, Albany, NY 12222	10000	222	4	100	aco	423.78176458478316
1400 Washington Ave, Albany, NY 12222	10000	85	4	100	aco	232.1991068529307
1400 Washington Ave, Albany, NY 12222	10000	210	4	100	aco	446.7032199632027
1400 Washington Ave, Albany, NY 12222	10000	168	4	100	aco	360.1919984336992
1400 Washington Ave, Albany, NY 12222	10000	144	4	100	aco	365.7806144763528
1400 Washington Ave, Albany, NY 12222	10000	105	4	100	aco	290.1895916427729
1400 Washington Ave, Albany, NY 12222	10000	75	4	100	aco	257.174107768843
1400 Washington Ave, Albany, NY 12222	10000	33	4	100	aco	143.29792375879052
1400 Washington Ave, Albany, NY 12222	10000	87	4	100	aco	248.93210595412512
1400 Washington Ave, Albany, NY 12222	10000	83	4	100	aco	252.43703751649394
1400 Washington Ave, Albany, NY 12222	10000	376	4	100	aco	571.9195103323036
1400 Washington Ave, Albany, NY 12222	10000	181	4	100	aco	387.0867748095778
1400 Washington Ave, Albany, NY 12222	10000	248	4	100	aco	458.0458362824488
1400 Washington Ave, Albany, NY 12222	10000	170	4	100	aco	371.8050106043487
1400 Washington Ave, Albany, NY 12222	10000	158	4	100	aco	361.60536294916096
1400 Washington Ave, Albany, NY 12222	10000	213	4	100	aco	431.2054335393752
1400 Washington Ave, Albany, NY 12222	10000	321	4	100	aco	578.6382818964919
1400 Washington Ave, Albany, NY 12222	10000	171	4	100	aco	356.05353283383954
1400 Washington Ave, Albany, NY 12222	10000	294	4	100	aco	475.56670729817677
1400 Washington Ave, Albany, NY 12222	10000	43	4	100	aco	168.9038369738353
1400 Washington Ave, Albany, NY 12222	10000	244	4	100	aco	446.376871579045
1400 Washington Ave, Albany, NY 12222	10000	262	4	100	aco	478.1169304126695
1400 Washington Ave, Albany, NY 12222	10000	117	4	100	aco	298.09047628391585
1400 Washington Ave, Albany, NY 12222	10000	216	4	100	aco	463.9386301922809
1400 Washington Ave, Albany, NY 12222	10000	251	4	100	aco	438.07108742063207
1400 Washington Ave, Albany, NY 12222	10000	183	4	100	aco	353.70722525989646
1400 Washington Ave, Albany, NY 12222	10000	94	4	100	aco	263.2077051293734
1400 Washington Ave, Albany, NY 12222	10000	318	4	100	aco	517.3207983294215
1400 Washington Ave, Albany, NY 12222	10000	25	4	100	aco	126.13080410900072
1400 Washington Ave, Albany, NY 12222	10000	148	4	100	aco	354.5387341749552
1400 Washington Ave, Albany, NY 12222	10000	66	4	100	aco	229.9106387315348
1400 Washington Ave, Albany, NY 12222	10000	135	4	100	aco	323.2413557159007
1400 Washington Ave, Albany, NY 12222	10000	95	4	100	aco	264.33200601639004
1400 Washington Ave, Albany, NY 12222	10000	183	4	100	aco	381.4100911888273
1400 Washington Ave, Albany, NY 12222	10000	150	4	100	aco	386.96813602765116
1400 Washington Ave, Albany, NY 12222	10000	397	4	100	aco	570.6167517657823
1400 Washington Ave, Albany, NY 12222	10000	186	4	100	aco	360.90995833962035
1400 Washington Ave, Albany, NY 12222	10000	395	4	100	aco	587.4648830061573
1400 Washington Ave, Albany, NY 12222	10000	230	4	100	aco	440.63371305784597
1400 Washington Ave, Albany, NY 12222	10000	51	4	100	aco	165.16680613501947
1400 Washington Ave, Albany, NY 12222	10000	337	4	100	aco	551.4672704828994
1400 Washington Ave, Albany, NY 12222	10000	141	4	100	aco	334.7767017847483
1400 Washington Ave, Albany, NY 12222	10000	390	4	100	aco	557.121215285832
1400 Washington Ave, Albany, NY 12222	10000	266	4	100	aco	477.9104356253592
1400 Washington Ave, Albany, NY 12222	10000	121	4	100	aco	335.116684644563
1400 Washington Ave, Albany, NY 12222	10000	380	4	100	aco	568.0915175156266
1400 Washington Ave, Albany, NY 12222	10000	23	4	100	aco	125.98836912832365
1400 Washington Ave, Albany, NY 12222	10000	332	4	100	aco	542.010634459745
1400 Washington Ave, Albany, NY 12222	10000	123	4	100	aco	308.4053616879619
1400 Washington Ave, Albany, NY 12222	10000	52	4	100	aco	189.4984246649123
1400 Washington Ave, Albany, NY 12222	10000	164	4	100	aco	354.1021936469276
1400 Washington Ave, Albany, NY 12222	10000	54	4	100	aco	177.89097446510988
1400 Washington Ave, Albany, NY 12222	10000	345	4	100	aco	598.6285421005341
1400 Washington Ave, Albany, NY 12222	10000	192	4	100	aco	338.5356284848795
1400 Washington Ave, Albany, NY 12222	10000	370	4	100	aco	559.265521539488
1400 Washington Ave, Albany, NY 12222	10000	299	4	100	aco	502.2325024590557
1400 Washington Ave, Albany, NY 12222	10000	15	4	100	rl	210.3675322263038
1400 Washington Ave, Albany, NY 12222	10000	390	4	100	aco	565.8969719140466
1400 Washington Ave, Albany, NY 12222	10000	31	4	100	aco	129.87886456227432
1400 Washington Ave, Albany, NY 12222	10000	262	4	100	aco	472.0075764128207
1400 Washington Ave, Albany, NY 12222	10000	261	4	100	aco	503.23848537432616
1400 Washington Ave, Albany, NY 12222	10000	83	4	100	aco	230.2986543086376
1400 Washington Ave, Albany, NY 12222	10000	306	4	100	aco	512.1447410454817
1400 Washington Ave, Albany, NY 12222	10000	198	4	100	aco	411.33148738913354
1400 Washington Ave, Albany, NY 12222	10000	331	4	100	aco	526.5829453357552
1400 Washington Ave, Albany, NY 12222	10000	106	4	100	aco	321.56504810599455
1400 Washington Ave, Albany, NY 12222	10000	41	4	100	aco	153.18168041165967
1400 Washington Ave, Albany, NY 12222	10000	148	4	100	aco	343.6533767526372
1400 Washington Ave, Albany, NY 12222	10000	378	4	100	aco	621.8138564645541
1400 Washington Ave, Albany, NY 12222	10000	100	4	100	aco	244.69571568933267
1400 Washington Ave, Albany, NY 12222	10000	41	4	100	aco	180.41458764813137
1400 Washington Ave, Albany, NY 12222	10000	295	4	100	aco	481.4351951520736
1400 Washington Ave, Albany, NY 12222	10000	106	4	100	aco	309.53166288606116
1400 Washington Ave, Albany, NY 12222	10000	338	4	100	aco	559.0187158331474
1400 Washington Ave, Albany, NY 12222	10000	185	4	100	aco	358.210733216448
